local_path,original_name,category,subcategory,standard,generator,source_url,standard_url,content_length,sha256,generated_at,status,source_page_url,extension,content_type,error,geometry_method,name,thread,length_mm,drive,material,description,use_cases
dataset/parts/fasteners/socket_head_cap_screw/M2x4.step,Socket Head Cap Screw M2x4,fastener,socket_head_cap_screw,ISO 4762,bd_warehouse==0.2.0,https://github.com/gumyr/bd_warehouse,https://www.iso.org/standard/75918.html,35514,73c37bbed61e95a675b6e9ee7d2d3fbb6590d806b2ff00410e938a4a78bc4beb,2026-04-13T04:38:35Z,ok,https://bd-warehouse.readthedocs.io/en/latest/fastener.html,.step,application/step,,parametric,Socket Head Cap Screw M2x4,M2-0.4,4,hex_socket,steel,"M2 socket head cap screw, 4mm length. Used for structural assembly, fin attachments, avionics bay covers, motor retainer screws. High strength, low profile hex socket drive.","['fin_attachment', 'avionics_bay', 'motor_retainer', 'coupler']"
dataset/parts/fasteners/socket_head_cap_screw/M2x6.step,Socket Head Cap Screw M2x6,fastener,socket_head_cap_screw,ISO 4762,bd_warehouse==0.2.0,https://github.com/gumyr/bd_warehouse,https://www.iso.org/standard/75918.html,35514,b6edb77525501e582ea5742884f9fe82fb62fe3cddf73856c1abdb54aa6b128e,2026-04-13T04:38:35Z,ok,https://bd-warehouse.readthedocs.io/en/latest/fastener.html,.step,application/step,,parametric,Socket Head Cap Screw M2x6,M2-0.4,6,hex_socket,steel,"M2 socket head cap screw, 6mm length. Used for structural assembly, fin attachments, avionics bay covers, motor retainer screws. High strength, low profile hex socket drive.","['fin_attachment', 'avionics_bay', 'motor_retainer', 'coupler']"
dataset/parts/fasteners/socket_head_cap_screw/M2x8.step,Socket Head Cap Screw M2x8,fastener,socket_head_cap_screw,ISO 4762,bd_warehouse==0.2.0,https://github.com/gumyr/bd_warehouse,https://www.iso.org/standard/75918.html,35514,a42b56b127ae4716e3c73b22b38747072d775d7081e0bd84ffba48499a4bf37e,2026-04-13T04:38:35Z,ok,https://bd-warehouse.readthedocs.io/en/latest/fastener.html,.step,application/step,,parametric,Socket Head Cap Screw M2x8,M2-0.4,8,hex_socket,steel,"M2 socket head cap screw, 8mm length. Used for structural assembly, fin attachments, avionics bay covers, motor retainer screws. High strength, low profile hex socket drive.","['fin_attachment', 'avionics_bay', 'motor_retainer', 'coupler']"
dataset/parts/fasteners/socket_head_cap_screw/M3x6.step,Socket Head Cap Screw M3x6,fastener,socket_head_cap_screw,ISO 4762,bd_warehouse==0.2.0,https://github.com/gumyr/bd_warehouse,https://www.iso.org/standard/75918.html,35488,9b163364af72e8364d656e14e088b20848a015c9cd6b2ea67549f2ad0d7ff3e5,2026-04-13T04:38:35Z,ok,https://bd-warehouse.readthedocs.io/en/latest/fastener.html,.step,application/step,,parametric,Socket Head Cap Screw M3x6,M3-0.5,6,hex_socket,steel,"M3 socket head cap screw, 6mm length. Used for structural assembly, fin attachments, avionics bay covers, motor retainer screws. High strength, low profile hex socket drive.","['fin_attachment', 'avionics_bay', 'motor_retainer', 'coupler']"
dataset/parts/fasteners/socket_head_cap_screw/M3x8.step,Socket Head Cap Screw M3x8,fastener,socket_head_cap_screw,ISO 4762,bd_warehouse==0.2.0,https://github.com/gumyr/bd_warehouse,https://www.iso.org/standard/75918.html,35488,8025fd8be4c69efbb973588b4a67d7ed5ce72a13e2c6d45e148995c421c67dda,2026-04-13T04:38:35Z,ok,https://bd-warehouse.readthedocs.io/en/latest/fastener.html,.step,application/step,,parametric,Socket Head Cap Screw M3x8,M3-0.5,8,hex_socket,steel,"M3 socket head cap screw, 8mm length. Used for structural assembly, fin attachments, avionics bay covers, motor retainer screws. High strength, low profile hex socket drive.","['fin_attachment', 'avionics_bay', 'motor_retainer', 'coupler']"
dataset/parts/fasteners/socket_head_cap_screw/M3x10.step,Socket Head Cap Screw M3x10,fastener,socket_head_cap_screw,ISO 4762,bd_warehouse==0.2.0,https://github.com/gumyr/bd_warehouse,https://www.iso.org/standard/75918.html,35497,cb3ba85cb0cae5ced05bb1f4de8b9504c88270e10939e8de3433325aee38f055,2026-04-13T04:38:35Z,ok,https://bd-warehouse.readthedocs.io/en/latest/fastener.html,.step,application/step,,parametric,Socket Head Cap Screw M3x10,M3-0.5,10,hex_socket,steel,"M3 socket head cap screw, 10mm length. Used for structural assembly, fin attachments, avionics bay covers, motor retainer screws. High strength, low profile hex socket drive.","['fin_attachment', 'avionics_bay', 'motor_retainer', 'coupler']"
dataset/parts/fasteners/socket_head_cap_screw/M3x12.step,Socket Head Cap Screw M3x12,fastener,socket_head_cap_screw,ISO 4762,bd_warehouse==0.2.0,https://github.com/gumyr/bd_warehouse,https://www.iso.org/standard/75918.html,35497,3d87244d25770d0a2a8be35d4eee3b546c99230ae06ef27d058c47ed4a5d9c90,2026-04-13T04:38:35Z,ok,https://bd-warehouse.readthedocs.io/en/latest/fastener.html,.step,application/step,,parametric,Socket Head Cap Screw M3x12,M3-0.5,12,hex_socket,steel,"M3 socket head cap screw, 12mm length. Used for structural assembly, fin attachments, avionics bay covers, motor retainer screws. High strength, low profile hex socket drive.","['fin_attachment', 'avionics_bay', 'motor_retainer', 'coupler']"
dataset/parts/fasteners/socket_head_cap_screw/M3x16.step,Socket Head Cap Screw M3x16,fastener,socket_head_cap_screw,ISO 4762,bd_warehouse==0.2.0,https://github.com/gumyr/bd_warehouse,https://www.iso.org/standard/75918.html,35497,a122d6b563e2a8b649b72c8efbb2b0e4013477d7d74accffedc971ef064c530d,2026-04-13T04:38:35Z,ok,https://bd-warehouse.readthedocs.io/en/latest/fastener.html,.step,application/step,,parametric,Socket Head Cap Screw M3x16,M3-0.5,16,hex_socket,steel,"M3 socket head cap screw, 16mm length. Used for structural assembly, fin attachments, avionics bay covers, motor retainer screws. High strength, low profile hex socket drive.","['fin_attachment', 'avionics_bay', 'motor_retainer', 'coupler']"
dataset/parts/fasteners/socket_head_cap_screw/M4x8.step,Socket Head Cap Screw M4x8,fastener,socket_head_cap_screw,ISO 4762,bd_warehouse==0.2.0,https://github.com/gumyr/bd_warehouse,https://www.iso.org/standard/75918.html,35462,366e8b813c620817acfb313121e13fb867c6f8f7d939344eeff61ecc94a3258d,2026-04-13T04:38:35Z,ok,https://bd-warehouse.readthedocs.io/en/latest/fastener.html,.step,application/step,,parametric,Socket Head Cap Screw M4x8,M4-0.7,8,hex_socket,steel,"M4 socket head cap screw, 8mm length. Used for structural assembly, fin attachments, avionics bay covers, motor retainer screws. High strength, low profile hex socket drive.","['fin_attachment', 'avionics_bay', 'motor_retainer', 'coupler']"
dataset/parts/fasteners/socket_head_cap_screw/M4x10.step,Socket Head Cap Screw M4x10,fastener,socket_head_cap_screw,ISO 4762,bd_warehouse==0.2.0,https://github.com/gumyr/bd_warehouse,https://www.iso.org/standard/75918.html,35471,12ddc450d27aafa5708217a4a1dd28990e2d9272a06f59a0502e158bf3c98b0f,2026-04-13T04:38:35Z,ok,https://bd-warehouse.readthedocs.io/en/latest/fastener.html,.step,application/step,,parametric,Socket Head Cap Screw M4x10,M4-0.7,10,hex_socket,steel,"M4 socket head cap screw, 10mm length. Used for structural assembly, fin attachments, avionics bay covers, motor retainer screws. High strength, low profile hex socket drive.","['fin_attachment', 'avionics_bay', 'motor_retainer', 'coupler']"
dataset/parts/fasteners/socket_head_cap_screw/M4x12.step,Socket Head Cap Screw M4x12,fastener,socket_head_cap_screw,ISO 4762,bd_warehouse==0.2.0,https://github.com/gumyr/bd_warehouse,https://www.iso.org/standard/75918.html,35471,e6299ae9243696a20dec7c17b674a0de3f051960e507b4436066b7a17f6ee783,2026-04-13T04:38:35Z,ok,https://bd-warehouse.readthedocs.io/en/latest/fastener.html,.step,application/step,,parametric,Socket Head Cap Screw M4x12,M4-0.7,12,hex_socket,steel,"M4 socket head cap screw, 12mm length. Used for structural assembly, fin attachments, avionics bay covers, motor retainer screws. High strength, low profile hex socket drive.","['fin_attachment', 'avionics_bay', 'motor_retainer', 'coupler']"
dataset/parts/fasteners/socket_head_cap_screw/M4x16.step,Socket Head Cap Screw M4x16,fastener,socket_head_cap_screw,ISO 4762,bd_warehouse==0.2.0,https://github.com/gumyr/bd_warehouse,https://www.iso.org/standard/75918.html,35471,b1083a79ff5058789c921c7ac622dcacb10dcdbc83f40faa99ebe99fea271b15,2026-04-13T04:38:35Z,ok,https://bd-warehouse.readthedocs.io/en/latest/fastener.html,.step,application/step,,parametric,Socket Head Cap Screw M4x16,M4-0.7,16,hex_socket,steel,"M4 socket head cap screw, 16mm length. Used for structural assembly, fin attachments, avionics bay covers, motor retainer screws. High strength, low profile hex socket drive.","['fin_attachment', 'avionics_bay', 'motor_retainer', 'coupler']"
dataset/parts/fasteners/socket_head_cap_screw/M4x20.step,Socket Head Cap Screw M4x20,fastener,socket_head_cap_screw,ISO 4762,bd_warehouse==0.2.0,https://github.com/gumyr/bd_warehouse,https://www.iso.org/standard/75918.html,35471,b83c619dfd1d50da106223084aaee5d7680a6cad85444c90ffde9dd802bf23fd,2026-04-13T04:38:35Z,ok,https://bd-warehouse.readthedocs.io/en/latest/fastener.html,.step,application/step,,parametric,Socket Head Cap Screw M4x20,M4-0.7,20,hex_socket,steel,"M4 socket head cap screw, 20mm length. Used for structural assembly, fin attachments, avionics bay covers, motor retainer screws. High strength, low profile hex socket drive.","['fin_attachment', 'avionics_bay', 'motor_retainer', 'coupler']"
dataset/parts/fasteners/socket_head_cap_screw/M5x10.step,Socket Head Cap Screw M5x10,fastener,socket_head_cap_screw,ISO 4762,bd_warehouse==0.2.0,https://github.com/gumyr/bd_warehouse,https://www.iso.org/standard/75918.html,35492,66b6e9533489d0d6f24c40fee9a56b3ea848e861dbe48301c5115cea7ebfb975,2026-04-13T04:38:36Z,ok,https://bd-warehouse.readthedocs.io/en/latest/fastener.html,.step,application/step,,parametric,Socket Head Cap Screw M5x10,M5-0.8,10,hex_socket,steel,"M5 socket head cap screw, 10mm length. Used for structural assembly, fin attachments, avionics bay covers, motor retainer screws. High strength, low profile hex socket drive.","['fin_attachment', 'avionics_bay', 'motor_retainer', 'coupler']"
dataset/parts/fasteners/socket_head_cap_screw/M5x12.step,Socket Head Cap Screw M5x12,fastener,socket_head_cap_screw,ISO 4762,bd_warehouse==0.2.0,https://github.com/gumyr/bd_warehouse,https://www.iso.org/standard/75918.html,35492,7887d8c3cd9e5edd7b4f05b12b580e6f99e7565fdaf046331ef13c4cefb1c2df,2026-04-13T04:38:36Z,ok,https://bd-warehouse.readthedocs.io/en/latest/fastener.html,.step,application/step,,parametric,Socket Head Cap Screw M5x12,M5-0.8,12,hex_socket,steel,"M5 socket head cap screw, 12mm length. Used for structural assembly, fin attachments, avionics bay covers, motor retainer screws. High strength, low profile hex socket drive.","['fin_attachment', 'avionics_bay', 'motor_retainer', 'coupler']"
dataset/parts/fasteners/socket_head_cap_screw/M5x16.step,Socket Head Cap Screw M5x16,fastener,socket_head_cap_screw,ISO 4762,bd_warehouse==0.2.0,https://github.com/gumyr/bd_warehouse,https://www.iso.org/standard/75918.html,35492,9e17194fbebb65c5aaf2eba2afba04941679749ea2adec765db85916936ad929,2026-04-13T04:38:36Z,ok,https://bd-warehouse.readthedocs.io/en/latest/fastener.html,.step,application/step,,parametric,Socket Head Cap Screw M5x16,M5-0.8,16,hex_socket,steel,"M5 socket head cap screw, 16mm length. Used for structural assembly, fin attachments, avionics bay covers, motor retainer screws. High strength, low profile hex socket drive.","['fin_attachment', 'avionics_bay', 'motor_retainer', 'coupler']"
dataset/parts/fasteners/socket_head_cap_screw/M5x20.step,Socket Head Cap Screw M5x20,fastener,socket_head_cap_screw,ISO 4762,bd_warehouse==0.2.0,https://github.com/gumyr/bd_warehouse,https://www.iso.org/standard/75918.html,35492,57e0baf6e92d9e1b153bfef6f1f53993ff27a262c5828d9a0520abed5502d575,2026-04-13T04:38:36Z,ok,https://bd-warehouse.readthedocs.io/en/latest/fastener.html,.step,application/step,,parametric,Socket Head Cap Screw M5x20,M5-0.8,20,hex_socket,steel,"M5 socket head cap screw, 20mm length. Used for structural assembly, fin attachments, avionics bay covers, motor retainer screws. High strength, low profile hex socket drive.","['fin_attachment', 'avionics_bay', 'motor_retainer', 'coupler']"
dataset/parts/fasteners/socket_head_cap_screw/M6x12.step,Socket Head Cap Screw M6x12,fastener,socket_head_cap_screw,ISO 4762,bd_warehouse==0.2.0,https://github.com/gumyr/bd_warehouse,https://www.iso.org/standard/75918.html,35389,d1b9a375d03aa3d5b7708317803626c973fe5da269e8ff3c500e635affab25bb,2026-04-13T04:38:36Z,ok,https://bd-warehouse.readthedocs.io/en/latest/fastener.html,.step,application/step,,parametric,Socket Head Cap Screw M6x12,M6-1,12,hex_socket,steel,"M6 socket head cap screw, 12mm length. Used for structural assembly, fin attachments, avionics bay covers, motor retainer screws. High strength, low profile hex socket drive.","['fin_attachment', 'avionics_bay', 'motor_retainer', 'coupler']"
dataset/parts/fasteners/socket_head_cap_screw/M6x16.step,Socket Head Cap Screw M6x16,fastener,socket_head_cap_screw,ISO 4762,bd_warehouse==0.2.0,https://github.com/gumyr/bd_warehouse,https://www.iso.org/standard/75918.html,35389,efa7241afb40d49cd41a5680d0444506d5c924c0330fd8c1a02519ad0e9bf015,2026-04-13T04:38:36Z,ok,https://bd-warehouse.readthedocs.io/en/latest/fastener.html,.step,application/step,,parametric,Socket Head Cap Screw M6x16,M6-1,16,hex_socket,steel,"M6 socket head cap screw, 16mm length. Used for structural assembly, fin attachments, avionics bay covers, motor retainer screws. High strength, low profile hex socket drive.","['fin_attachment', 'avionics_bay', 'motor_retainer', 'coupler']"
dataset/parts/fasteners/socket_head_cap_screw/M6x20.step,Socket Head Cap Screw M6x20,fastener,socket_head_cap_screw,ISO 4762,bd_warehouse==0.2.0,https://github.com/gumyr/bd_warehouse,https://www.iso.org/standard/75918.html,35389,8db6e46aa67c5c0e9cfa8d4e7be09d969e988b609b7fb4dc545fc21f0f378a34,2026-04-13T04:38:36Z,ok,https://bd-warehouse.readthedocs.io/en/latest/fastener.html,.step,application/step,,parametric,Socket Head Cap Screw M6x20,M6-1,20,hex_socket,steel,"M6 socket head cap screw, 20mm length. Used for structural assembly, fin attachments, avionics bay covers, motor retainer screws. High strength, low profile hex socket drive.","['fin_attachment', 'avionics_bay', 'motor_retainer', 'coupler']"
dataset/parts/fasteners/socket_head_cap_screw/M6x25.step,Socket Head Cap Screw M6x25,fastener,socket_head_cap_screw,ISO 4762,bd_warehouse==0.2.0,https://github.com/gumyr/bd_warehouse,https://www.iso.org/standard/75918.html,35389,da385336a3c972395c9df15b266d2a4288a2a51300f1464cc43b8d698c6f37ac,2026-04-13T04:38:36Z,ok,https://bd-warehouse.readthedocs.io/en/latest/fastener.html,.step,application/step,,parametric,Socket Head Cap Screw M6x25,M6-1,25,hex_socket,steel,"M6 socket head cap screw, 25mm length. Used for structural assembly, fin attachments, avionics bay covers, motor retainer screws. High strength, low profile hex socket drive.","['fin_attachment', 'avionics_bay', 'motor_retainer', 'coupler']"
dataset/parts/fasteners/button_head_screw/M3x6.step,Button Head Screw M3x6,fastener,button_head_screw,ISO 7380-1,bd_warehouse==0.2.0,https://github.com/gumyr/bd_warehouse,https://www.iso.org/standard/63744.html,33619,cdd3e06ae518e52691bc971d20a424a1dec54f404714af91a758c38edc611d3b,2026-04-13T04:38:36Z,ok,https://bd-warehouse.readthedocs.io/en/latest/fastener.html,.step,application/step,,parametric,Button Head Screw M3x6,M3-0.5,6,hex_socket,steel,"M3 button head screw, 6mm length. Very low profile dome head. Used for access panels, payload bay covers, camera mounts. Less snag risk than SHCS.","['access_panel', 'payload_bay', 'camera_mount']"
dataset/parts/fasteners/button_head_screw/M3x8.step,Button Head Screw M3x8,fastener,button_head_screw,ISO 7380-1,bd_warehouse==0.2.0,https://github.com/gumyr/bd_warehouse,https://www.iso.org/standard/63744.html,33619,0fb74a5f683a3f1b2eb695ce980d06dbd87aae753e1ca4be36b623860d292e53,2026-04-13T04:38:36Z,ok,https://bd-warehouse.readthedocs.io/en/latest/fastener.html,.step,application/step,,parametric,Button Head Screw M3x8,M3-0.5,8,hex_socket,steel,"M3 button head screw, 8mm length. Very low profile dome head. Used for access panels, payload bay covers, camera mounts. Less snag risk than SHCS.","['access_panel', 'payload_bay', 'camera_mount']"
dataset/parts/fasteners/button_head_screw/M3x10.step,Button Head Screw M3x10,fastener,button_head_screw,ISO 7380-1,bd_warehouse==0.2.0,https://github.com/gumyr/bd_warehouse,https://www.iso.org/standard/63744.html,33628,6cfc07647288ce6984e49600b84574a66a83ace73641ac7656e786024e8fd13a,2026-04-13T04:38:36Z,ok,https://bd-warehouse.readthedocs.io/en/latest/fastener.html,.step,application/step,,parametric,Button Head Screw M3x10,M3-0.5,10,hex_socket,steel,"M3 button head screw, 10mm length. Very low profile dome head. Used for access panels, payload bay covers, camera mounts. Less snag risk than SHCS.","['access_panel', 'payload_bay', 'camera_mount']"
dataset/parts/fasteners/button_head_screw/M3x12.step,Button Head Screw M3x12,fastener,button_head_screw,ISO 7380-1,bd_warehouse==0.2.0,https://github.com/gumyr/bd_warehouse,https://www.iso.org/standard/63744.html,33628,20e9d0999bb7bcad8abf44906e60cf700627a2e8ce34fc8210a70c13f2074b9b,2026-04-13T04:38:36Z,ok,https://bd-warehouse.readthedocs.io/en/latest/fastener.html,.step,application/step,,parametric,Button Head Screw M3x12,M3-0.5,12,hex_socket,steel,"M3 button head screw, 12mm length. Very low profile dome head. Used for access panels, payload bay covers, camera mounts. Less snag risk than SHCS.","['access_panel', 'payload_bay', 'camera_mount']"
dataset/parts/fasteners/button_head_screw/M4x8.step,Button Head Screw M4x8,fastener,button_head_screw,ISO 7380-1,bd_warehouse==0.2.0,https://github.com/gumyr/bd_warehouse,https://www.iso.org/standard/63744.html,33459,f124383a325b972f94e123314c4570ec7f28d431aa41fe944c7665a06fd3492b,2026-04-13T04:38:36Z,ok,https://bd-warehouse.readthedocs.io/en/latest/fastener.html,.step,application/step,,parametric,Button Head Screw M4x8,M4-0.7,8,hex_socket,steel,"M4 button head screw, 8mm length. Very low profile dome head. Used for access panels, payload bay covers, camera mounts. Less snag risk than SHCS.","['access_panel', 'payload_bay', 'camera_mount']"
dataset/parts/fasteners/button_head_screw/M4x10.step,Button Head Screw M4x10,fastener,button_head_screw,ISO 7380-1,bd_warehouse==0.2.0,https://github.com/gumyr/bd_warehouse,https://www.iso.org/standard/63744.html,33468,5c38450968c5b5e1067bd7b5f76935a2676bae956a4f3f448cbb0d8552ab002e,2026-04-13T04:38:37Z,ok,https://bd-warehouse.readthedocs.io/en/latest/fastener.html,.step,application/step,,parametric,Button Head Screw M4x10,M4-0.7,10,hex_socket,steel,"M4 button head screw, 10mm length. Very low profile dome head. Used for access panels, payload bay covers, camera mounts. Less snag risk than SHCS.","['access_panel', 'payload_bay', 'camera_mount']"
dataset/parts/fasteners/button_head_screw/M4x12.step,Button Head Screw M4x12,fastener,button_head_screw,ISO 7380-1,bd_warehouse==0.2.0,https://github.com/gumyr/bd_warehouse,https://www.iso.org/standard/63744.html,33468,d7e8ffab1e11bfc21c9d86251f4ac722d662197eea50260fed8c56ddb1911d92,2026-04-13T04:38:37Z,ok,https://bd-warehouse.readthedocs.io/en/latest/fastener.html,.step,application/step,,parametric,Button Head Screw M4x12,M4-0.7,12,hex_socket,steel,"M4 button head screw, 12mm length. Very low profile dome head. Used for access panels, payload bay covers, camera mounts. Less snag risk than SHCS.","['access_panel', 'payload_bay', 'camera_mount']"
dataset/parts/fasteners/button_head_screw/M4x16.step,Button Head Screw M4x16,fastener,button_head_screw,ISO 7380-1,bd_warehouse==0.2.0,https://github.com/gumyr/bd_warehouse,https://www.iso.org/standard/63744.html,33468,3c5185336ca0c55505afd68997363f56cca0f8095e0d52d63f73ad4eced7d4af,2026-04-13T04:38:37Z,ok,https://bd-warehouse.readthedocs.io/en/latest/fastener.html,.step,application/step,,parametric,Button Head Screw M4x16,M4-0.7,16,hex_socket,steel,"M4 button head screw, 16mm length. Very low profile dome head. Used for access panels, payload bay covers, camera mounts. Less snag risk than SHCS.","['access_panel', 'payload_bay', 'camera_mount']"
dataset/parts/fasteners/button_head_screw/M5x10.step,Button Head Screw M5x10,fastener,button_head_screw,ISO 7380-1,bd_warehouse==0.2.0,https://github.com/gumyr/bd_warehouse,https://www.iso.org/standard/63744.html,33525,f2266bf2cc27a8fc4fb993b193b3354ecaff15fadd86b9999c8e7df7534685d4,2026-04-13T04:38:37Z,ok,https://bd-warehouse.readthedocs.io/en/latest/fastener.html,.step,application/step,,parametric,Button Head Screw M5x10,M5-0.8,10,hex_socket,steel,"M5 button head screw, 10mm length. Very low profile dome head. Used for access panels, payload bay covers, camera mounts. Less snag risk than SHCS.","['access_panel', 'payload_bay', 'camera_mount']"
dataset/parts/fasteners/button_head_screw/M5x12.step,Button Head Screw M5x12,fastener,button_head_screw,ISO 7380-1,bd_warehouse==0.2.0,https://github.com/gumyr/bd_warehouse,https://www.iso.org/standard/63744.html,33525,1621bc93f7cf2284f6906a8bf7d2a7505026fc68809c26e238e8f264ab0a478e,2026-04-13T04:38:37Z,ok,https://bd-warehouse.readthedocs.io/en/latest/fastener.html,.step,application/step,,parametric,Button Head Screw M5x12,M5-0.8,12,hex_socket,steel,"M5 button head screw, 12mm length. Very low profile dome head. Used for access panels, payload bay covers, camera mounts. Less snag risk than SHCS.","['access_panel', 'payload_bay', 'camera_mount']"
dataset/parts/fasteners/button_head_screw/M5x16.step,Button Head Screw M5x16,fastener,button_head_screw,ISO 7380-1,bd_warehouse==0.2.0,https://github.com/gumyr/bd_warehouse,https://www.iso.org/standard/63744.html,33525,55b5b7f1f45a90f3b693ff0acc70832a3afaeaa8b3c1add477b5be8d481c2bf9,2026-04-13T04:38:37Z,ok,https://bd-warehouse.readthedocs.io/en/latest/fastener.html,.step,application/step,,parametric,Button Head Screw M5x16,M5-0.8,16,hex_socket,steel,"M5 button head screw, 16mm length. Very low profile dome head. Used for access panels, payload bay covers, camera mounts. Less snag risk than SHCS.","['access_panel', 'payload_bay', 'camera_mount']"
dataset/parts/fasteners/button_head_screw/M5x20.step,Button Head Screw M5x20,fastener,button_head_screw,ISO 7380-1,bd_warehouse==0.2.0,https://github.com/gumyr/bd_warehouse,https://www.iso.org/standard/63744.html,33525,634b89a3e51e12be423cf77cbf1f00e09e1ec9996ca395d146664a0b54bbc255,2026-04-13T04:38:37Z,ok,https://bd-warehouse.readthedocs.io/en/latest/fastener.html,.step,application/step,,parametric,Button Head Screw M5x20,M5-0.8,20,hex_socket,steel,"M5 button head screw, 20mm length. Very low profile dome head. Used for access panels, payload bay covers, camera mounts. Less snag risk than SHCS.","['access_panel', 'payload_bay', 'camera_mount']"
dataset/parts/fasteners/button_head_screw/M6x12.step,Button Head Screw M6x12,fastener,button_head_screw,ISO 7380-1,bd_warehouse==0.2.0,https://github.com/gumyr/bd_warehouse,https://www.iso.org/standard/63744.html,33481,42bb507176a099c4bc680e4911644115485f105082ab2a5f95d3f2db88b79c76,2026-04-13T04:38:37Z,ok,https://bd-warehouse.readthedocs.io/en/latest/fastener.html,.step,application/step,,parametric,Button Head Screw M6x12,M6-1,12,hex_socket,steel,"M6 button head screw, 12mm length. Very low profile dome head. Used for access panels, payload bay covers, camera mounts. Less snag risk than SHCS.","['access_panel', 'payload_bay', 'camera_mount']"
dataset/parts/fasteners/button_head_screw/M6x16.step,Button Head Screw M6x16,fastener,button_head_screw,ISO 7380-1,bd_warehouse==0.2.0,https://github.com/gumyr/bd_warehouse,https://www.iso.org/standard/63744.html,33481,8687dd2337cb90ca6ee61bf2d47a00db06bd06a716bfec909f2cd5a97baa968e,2026-04-13T04:38:37Z,ok,https://bd-warehouse.readthedocs.io/en/latest/fastener.html,.step,application/step,,parametric,Button Head Screw M6x16,M6-1,16,hex_socket,steel,"M6 button head screw, 16mm length. Very low profile dome head. Used for access panels, payload bay covers, camera mounts. Less snag risk than SHCS.","['access_panel', 'payload_bay', 'camera_mount']"
dataset/parts/fasteners/button_head_screw/M6x20.step,Button Head Screw M6x20,fastener,button_head_screw,ISO 7380-1,bd_warehouse==0.2.0,https://github.com/gumyr/bd_warehouse,https://www.iso.org/standard/63744.html,33481,392a3dcb8e1642b5939eb3d6cc72a572f5dcc5903d0a9772af4c4af8683b0491,2026-04-13T04:38:37Z,ok,https://bd-warehouse.readthedocs.io/en/latest/fastener.html,.step,application/step,,parametric,Button Head Screw M6x20,M6-1,20,hex_socket,steel,"M6 button head screw, 20mm length. Very low profile dome head. Used for access panels, payload bay covers, camera mounts. Less snag risk than SHCS.","['access_panel', 'payload_bay', 'camera_mount']"
dataset/parts/fasteners/pan_head_screw/M2x4.step,Pan Head Screw M2x4,fastener,pan_head_screw,ISO 1580,bd_warehouse==0.2.0,https://github.com/gumyr/bd_warehouse,https://www.iso.org/standard/63750.html,55733,c11ff4f70309d7f4d5265bbf5e37af72f8a025431c8d6c57dd8cd8df06f89605,2026-04-13T04:38:37Z,ok,https://bd-warehouse.readthedocs.io/en/latest/fastener.html,.step,application/step,,parametric,Pan Head Screw M2x4,M2-0.4,4,phillips_or_slotted,steel,"M2 pan head screw, 4mm length. Wide bearing surface. Used for electronics mounting, sled attachment, switch mounts.","['electronics_mount', 'avionics_sled', 'switch_mount']"
dataset/parts/fasteners/pan_head_screw/M2x6.step,Pan Head Screw M2x6,fastener,pan_head_screw,ISO 1580,bd_warehouse==0.2.0,https://github.com/gumyr/bd_warehouse,https://www.iso.org/standard/63750.html,55733,3c9933d9df40deb8c788cdee2ccab1e618eab587df052e0c73750e23de941289,2026-04-13T04:38:37Z,ok,https://bd-warehouse.readthedocs.io/en/latest/fastener.html,.step,application/step,,parametric,Pan Head Screw M2x6,M2-0.4,6,phillips_or_slotted,steel,"M2 pan head screw, 6mm length. Wide bearing surface. Used for electronics mounting, sled attachment, switch mounts.","['electronics_mount', 'avionics_sled', 'switch_mount']"
dataset/parts/fasteners/pan_head_screw/M2x8.step,Pan Head Screw M2x8,fastener,pan_head_screw,ISO 1580,bd_warehouse==0.2.0,https://github.com/gumyr/bd_warehouse,https://www.iso.org/standard/63750.html,55733,7bc91dea9de65c211bc6c63266ef60c76c7ad8c4a43dc735853f070f0e3bf642,2026-04-13T04:38:38Z,ok,https://bd-warehouse.readthedocs.io/en/latest/fastener.html,.step,application/step,,parametric,Pan Head Screw M2x8,M2-0.4,8,phillips_or_slotted,steel,"M2 pan head screw, 8mm length. Wide bearing surface. Used for electronics mounting, sled attachment, switch mounts.","['electronics_mount', 'avionics_sled', 'switch_mount']"
dataset/parts/fasteners/pan_head_screw/M3x6.step,Pan Head Screw M3x6,fastener,pan_head_screw,ISO 1580,bd_warehouse==0.2.0,https://github.com/gumyr/bd_warehouse,https://www.iso.org/standard/63750.html,52952,cb042707a55eac05628ffbcded9d488c8a22a47c0e19fec38e3ff64db7101b39,2026-04-13T04:38:38Z,ok,https://bd-warehouse.readthedocs.io/en/latest/fastener.html,.step,application/step,,parametric,Pan Head Screw M3x6,M3-0.5,6,phillips_or_slotted,steel,"M3 pan head screw, 6mm length. Wide bearing surface. Used for electronics mounting, sled attachment, switch mounts.","['electronics_mount', 'avionics_sled', 'switch_mount']"
dataset/parts/fasteners/pan_head_screw/M3x8.step,Pan Head Screw M3x8,fastener,pan_head_screw,ISO 1580,bd_warehouse==0.2.0,https://github.com/gumyr/bd_warehouse,https://www.iso.org/standard/63750.html,52952,d74574a97cbbb2d46cc2ae650e0dae75d7026b14e505a44da53b0ebf830c6767,2026-04-13T04:38:38Z,ok,https://bd-warehouse.readthedocs.io/en/latest/fastener.html,.step,application/step,,parametric,Pan Head Screw M3x8,M3-0.5,8,phillips_or_slotted,steel,"M3 pan head screw, 8mm length. Wide bearing surface. Used for electronics mounting, sled attachment, switch mounts.","['electronics_mount', 'avionics_sled', 'switch_mount']"
dataset/parts/fasteners/pan_head_screw/M3x10.step,Pan Head Screw M3x10,fastener,pan_head_screw,ISO 1580,bd_warehouse==0.2.0,https://github.com/gumyr/bd_warehouse,https://www.iso.org/standard/63750.html,52961,f8dea01d8e154a399bcdf6bd0329434bca08bdfed0f83c6fb0de21c72bdbe943,2026-04-13T04:38:38Z,ok,https://bd-warehouse.readthedocs.io/en/latest/fastener.html,.step,application/step,,parametric,Pan Head Screw M3x10,M3-0.5,10,phillips_or_slotted,steel,"M3 pan head screw, 10mm length. Wide bearing surface. Used for electronics mounting, sled attachment, switch mounts.","['electronics_mount', 'avionics_sled', 'switch_mount']"
dataset/parts/fasteners/pan_head_screw/M3x12.step,Pan Head Screw M3x12,fastener,pan_head_screw,ISO 1580,bd_warehouse==0.2.0,https://github.com/gumyr/bd_warehouse,https://www.iso.org/standard/63750.html,52961,9571e26b008a32204883a1449bcd45fb519a16cb1e8cea2d5052b615b2a1ad2e,2026-04-13T04:38:38Z,ok,https://bd-warehouse.readthedocs.io/en/latest/fastener.html,.step,application/step,,parametric,Pan Head Screw M3x12,M3-0.5,12,phillips_or_slotted,steel,"M3 pan head screw, 12mm length. Wide bearing surface. Used for electronics mounting, sled attachment, switch mounts.","['electronics_mount', 'avionics_sled', 'switch_mount']"
dataset/parts/fasteners/pan_head_screw/M4x8.step,Pan Head Screw M4x8,fastener,pan_head_screw,ISO 1580,bd_warehouse==0.2.0,https://github.com/gumyr/bd_warehouse,https://www.iso.org/standard/63750.html,43917,57e7d85ebfac4005819141b57648e92033d244370042c940b0d19e52afc072b5,2026-04-13T04:38:38Z,ok,https://bd-warehouse.readthedocs.io/en/latest/fastener.html,.step,application/step,,parametric,Pan Head Screw M4x8,M4-0.7,8,phillips_or_slotted,steel,"M4 pan head screw, 8mm length. Wide bearing surface. Used for electronics mounting, sled attachment, switch mounts.","['electronics_mount', 'avionics_sled', 'switch_mount']"
dataset/parts/fasteners/pan_head_screw/M4x10.step,Pan Head Screw M4x10,fastener,pan_head_screw,ISO 1580,bd_warehouse==0.2.0,https://github.com/gumyr/bd_warehouse,https://www.iso.org/standard/63750.html,43926,a3e031be3eb6b31982bad1597c86e0660fd0c837bced0dc96f89f9693167a8af,2026-04-13T04:38:38Z,ok,https://bd-warehouse.readthedocs.io/en/latest/fastener.html,.step,application/step,,parametric,Pan Head Screw M4x10,M4-0.7,10,phillips_or_slotted,steel,"M4 pan head screw, 10mm length. Wide bearing surface. Used for electronics mounting, sled attachment, switch mounts.","['electronics_mount', 'avionics_sled', 'switch_mount']"
dataset/parts/fasteners/pan_head_screw/M4x12.step,Pan Head Screw M4x12,fastener,pan_head_screw,ISO 1580,bd_warehouse==0.2.0,https://github.com/gumyr/bd_warehouse,https://www.iso.org/standard/63750.html,43926,3184e9b018f95166e18e04e77d9921fc7834ac2fc0fa6b0598cb043b68e8d724,2026-04-13T04:38:38Z,ok,https://bd-warehouse.readthedocs.io/en/latest/fastener.html,.step,application/step,,parametric,Pan Head Screw M4x12,M4-0.7,12,phillips_or_slotted,steel,"M4 pan head screw, 12mm length. Wide bearing surface. Used for electronics mounting, sled attachment, switch mounts.","['electronics_mount', 'avionics_sled', 'switch_mount']"
dataset/parts/fasteners/pan_head_screw/M4x16.step,Pan Head Screw M4x16,fastener,pan_head_screw,ISO 1580,bd_warehouse==0.2.0,https://github.com/gumyr/bd_warehouse,https://www.iso.org/standard/63750.html,43926,c07b48e71dfeae3320927004ff6ca9b9d5e20e0336c90b444368cfe661d3f4f1,2026-04-13T04:38:38Z,ok,https://bd-warehouse.readthedocs.io/en/latest/fastener.html,.step,application/step,,parametric,Pan Head Screw M4x16,M4-0.7,16,phillips_or_slotted,steel,"M4 pan head screw, 16mm length. Wide bearing surface. Used for electronics mounting, sled attachment, switch mounts.","['electronics_mount', 'avionics_sled', 'switch_mount']"
dataset/parts/fasteners/pan_head_screw/M5x10.step,Pan Head Screw M5x10,fastener,pan_head_screw,ISO 1580,bd_warehouse==0.2.0,https://github.com/gumyr/bd_warehouse,https://www.iso.org/standard/63750.html,46464,a9d2559c1a1afd6b2423d4d3c3caca105aa06e324cdf673909f2451d9e76f531,2026-04-13T04:38:38Z,ok,https://bd-warehouse.readthedocs.io/en/latest/fastener.html,.step,application/step,,parametric,Pan Head Screw M5x10,M5-0.8,10,phillips_or_slotted,steel,"M5 pan head screw, 10mm length. Wide bearing surface. Used for electronics mounting, sled attachment, switch mounts.","['electronics_mount', 'avionics_sled', 'switch_mount']"
dataset/parts/fasteners/pan_head_screw/M5x12.step,Pan Head Screw M5x12,fastener,pan_head_screw,ISO 1580,bd_warehouse==0.2.0,https://github.com/gumyr/bd_warehouse,https://www.iso.org/standard/63750.html,46464,0c94cc20054e72664f99e6b1d6fc6445c385c10339be3f9c786a451555d27b0c,2026-04-13T04:38:38Z,ok,https://bd-warehouse.readthedocs.io/en/latest/fastener.html,.step,application/step,,parametric,Pan Head Screw M5x12,M5-0.8,12,phillips_or_slotted,steel,"M5 pan head screw, 12mm length. Wide bearing surface. Used for electronics mounting, sled attachment, switch mounts.","['electronics_mount', 'avionics_sled', 'switch_mount']"
dataset/parts/fasteners/pan_head_screw/M5x16.step,Pan Head Screw M5x16,fastener,pan_head_screw,ISO 1580,bd_warehouse==0.2.0,https://github.com/gumyr/bd_warehouse,https://www.iso.org/standard/63750.html,46464,3a70ddc4be37b571ddc22aa5816240a0b943fece1b81264568d89980bf1a692b,2026-04-13T04:38:39Z,ok,https://bd-warehouse.readthedocs.io/en/latest/fastener.html,.step,application/step,,parametric,Pan Head Screw M5x16,M5-0.8,16,phillips_or_slotted,steel,"M5 pan head screw, 16mm length. Wide bearing surface. Used for electronics mounting, sled attachment, switch mounts.","['electronics_mount', 'avionics_sled', 'switch_mount']"
dataset/parts/fasteners/pan_head_screw/M6x12.step,Pan Head Screw M6x12,fastener,pan_head_screw,ISO 1580,bd_warehouse==0.2.0,https://github.com/gumyr/bd_warehouse,https://www.iso.org/standard/63750.html,46284,e5cc248fc7e0e3394a89ca3765a8902a82fe14f758276af1410010a9869c8a58,2026-04-13T04:38:39Z,ok,https://bd-warehouse.readthedocs.io/en/latest/fastener.html,.step,application/step,,parametric,Pan Head Screw M6x12,M6-1,12,phillips_or_slotted,steel,"M6 pan head screw, 12mm length. Wide bearing surface. Used for electronics mounting, sled attachment, switch mounts.","['electronics_mount', 'avionics_sled', 'switch_mount']"
dataset/parts/fasteners/pan_head_screw/M6x16.step,Pan Head Screw M6x16,fastener,pan_head_screw,ISO 1580,bd_warehouse==0.2.0,https://github.com/gumyr/bd_warehouse,https://www.iso.org/standard/63750.html,46284,b4779fe0371af5b6f1b7957efa3af483aa24a78b5a8fba3c04f2b608a42fae52,2026-04-13T04:38:39Z,ok,https://bd-warehouse.readthedocs.io/en/latest/fastener.html,.step,application/step,,parametric,Pan Head Screw M6x16,M6-1,16,phillips_or_slotted,steel,"M6 pan head screw, 16mm length. Wide bearing surface. Used for electronics mounting, sled attachment, switch mounts.","['electronics_mount', 'avionics_sled', 'switch_mount']"
dataset/parts/fasteners/pan_head_screw/M6x20.step,Pan Head Screw M6x20,fastener,pan_head_screw,ISO 1580,bd_warehouse==0.2.0,https://github.com/gumyr/bd_warehouse,https://www.iso.org/standard/63750.html,46284,4c2568569fc8630af2f7e62eaddea2b8b7d4de66de421a048df29db5b125ea9a,2026-04-13T04:38:39Z,ok,https://bd-warehouse.readthedocs.io/en/latest/fastener.html,.step,application/step,,parametric,Pan Head Screw M6x20,M6-1,20,phillips_or_slotted,steel,"M6 pan head screw, 20mm length. Wide bearing surface. Used for electronics mounting, sled attachment, switch mounts.","['electronics_mount', 'avionics_sled', 'switch_mount']"
dataset/parts/fasteners/countersunk_screw/M2x4.step,Countersunk Screw M2x4,fastener,countersunk_screw,ISO 7046,bd_warehouse==0.2.0,https://github.com/gumyr/bd_warehouse,https://www.iso.org/standard/63753.html,107399,880ba63a394af4569675d04c1ebc03d072ed84760d37152bb4d02e93f9f2846c,2026-04-13T04:38:39Z,ok,https://bd-warehouse.readthedocs.io/en/latest/fastener.html,.step,application/step,,parametric,Countersunk Screw M2x4,M2-0.4,4,phillips,steel,"M2 countersunk flat head screw, 4mm length. Sits flush with surface. Used for fin attachment tabs, shear pin plates, rail guide mounting. 90-degree countersink.","['fin_tab', 'shear_pin_plate', 'rail_guide', 'flush_mount']"
dataset/parts/fasteners/countersunk_screw/M2x6.step,Countersunk Screw M2x6,fastener,countersunk_screw,ISO 7046,bd_warehouse==0.2.0,https://github.com/gumyr/bd_warehouse,https://www.iso.org/standard/63753.html,107399,666735d13a15d1c288861bbda3392dcd3964324348e97085e1868c4c33e4de03,2026-04-13T04:38:39Z,ok,https://bd-warehouse.readthedocs.io/en/latest/fastener.html,.step,application/step,,parametric,Countersunk Screw M2x6,M2-0.4,6,phillips,steel,"M2 countersunk flat head screw, 6mm length. Sits flush with surface. Used for fin attachment tabs, shear pin plates, rail guide mounting. 90-degree countersink.","['fin_tab', 'shear_pin_plate', 'rail_guide', 'flush_mount']"
dataset/parts/fasteners/countersunk_screw/M2x8.step,Countersunk Screw M2x8,fastener,countersunk_screw,ISO 7046,bd_warehouse==0.2.0,https://github.com/gumyr/bd_warehouse,https://www.iso.org/standard/63753.html,107399,c0bae0b9f0188e54dafadcc9110334add47619a611c03131dceedd57a1065995,2026-04-13T04:38:39Z,ok,https://bd-warehouse.readthedocs.io/en/latest/fastener.html,.step,application/step,,parametric,Countersunk Screw M2x8,M2-0.4,8,phillips,steel,"M2 countersunk flat head screw, 8mm length. Sits flush with surface. Used for fin attachment tabs, shear pin plates, rail guide mounting. 90-degree countersink.","['fin_tab', 'shear_pin_plate', 'rail_guide', 'flush_mount']"
dataset/parts/fasteners/countersunk_screw/M3x6.step,Countersunk Screw M3x6,fastener,countersunk_screw,ISO 7046,bd_warehouse==0.2.0,https://github.com/gumyr/bd_warehouse,https://www.iso.org/standard/63753.html,126709,9ae1faba74625317d8444aa148d6debf535a508ca9aff75911cc1743f2aec405,2026-04-13T04:38:40Z,ok,https://bd-warehouse.readthedocs.io/en/latest/fastener.html,.step,application/step,,parametric,Countersunk Screw M3x6,M3-0.5,6,phillips,steel,"M3 countersunk flat head screw, 6mm length. Sits flush with surface. Used for fin attachment tabs, shear pin plates, rail guide mounting. 90-degree countersink.","['fin_tab', 'shear_pin_plate', 'rail_guide', 'flush_mount']"
dataset/parts/fasteners/countersunk_screw/M3x8.step,Countersunk Screw M3x8,fastener,countersunk_screw,ISO 7046,bd_warehouse==0.2.0,https://github.com/gumyr/bd_warehouse,https://www.iso.org/standard/63753.html,126709,614702ce7c03040b5c2e153bf21d4176b877eab3ba04bb86b4fc5e160d0a8b42,2026-04-13T04:38:40Z,ok,https://bd-warehouse.readthedocs.io/en/latest/fastener.html,.step,application/step,,parametric,Countersunk Screw M3x8,M3-0.5,8,phillips,steel,"M3 countersunk flat head screw, 8mm length. Sits flush with surface. Used for fin attachment tabs, shear pin plates, rail guide mounting. 90-degree countersink.","['fin_tab', 'shear_pin_plate', 'rail_guide', 'flush_mount']"
dataset/parts/fasteners/countersunk_screw/M3x10.step,Countersunk Screw M3x10,fastener,countersunk_screw,ISO 7046,bd_warehouse==0.2.0,https://github.com/gumyr/bd_warehouse,https://www.iso.org/standard/63753.html,126717,ecc147590b1f5ce24c866c6e9d54d31cb24069ddbe2f10c519d0cdbdd8572728,2026-04-13T04:38:40Z,ok,https://bd-warehouse.readthedocs.io/en/latest/fastener.html,.step,application/step,,parametric,Countersunk Screw M3x10,M3-0.5,10,phillips,steel,"M3 countersunk flat head screw, 10mm length. Sits flush with surface. Used for fin attachment tabs, shear pin plates, rail guide mounting. 90-degree countersink.","['fin_tab', 'shear_pin_plate', 'rail_guide', 'flush_mount']"
dataset/parts/fasteners/countersunk_screw/M3x12.step,Countersunk Screw M3x12,fastener,countersunk_screw,ISO 7046,bd_warehouse==0.2.0,https://github.com/gumyr/bd_warehouse,https://www.iso.org/standard/63753.html,126718,94fdfe7435bd3efb461c18248dbfdc3b080fab86e0d30aa9dd7b9817945a8ee0,2026-04-13T04:38:40Z,ok,https://bd-warehouse.readthedocs.io/en/latest/fastener.html,.step,application/step,,parametric,Countersunk Screw M3x12,M3-0.5,12,phillips,steel,"M3 countersunk flat head screw, 12mm length. Sits flush with surface. Used for fin attachment tabs, shear pin plates, rail guide mounting. 90-degree countersink.","['fin_tab', 'shear_pin_plate', 'rail_guide', 'flush_mount']"
dataset/parts/fasteners/countersunk_screw/M4x8.step,Countersunk Screw M4x8,fastener,countersunk_screw,ISO 7046,bd_warehouse==0.2.0,https://github.com/gumyr/bd_warehouse,https://www.iso.org/standard/63753.html,131212,87a53b2804e5c879878bda924a3f530ddb8e36f9846541e5c79c252321897b53,2026-04-13T04:38:40Z,ok,https://bd-warehouse.readthedocs.io/en/latest/fastener.html,.step,application/step,,parametric,Countersunk Screw M4x8,M4-0.7,8,phillips,steel,"M4 countersunk flat head screw, 8mm length. Sits flush with surface. Used for fin attachment tabs, shear pin plates, rail guide mounting. 90-degree countersink.","['fin_tab', 'shear_pin_plate', 'rail_guide', 'flush_mount']"
dataset/parts/fasteners/countersunk_screw/M4x10.step,Countersunk Screw M4x10,fastener,countersunk_screw,ISO 7046,bd_warehouse==0.2.0,https://github.com/gumyr/bd_warehouse,https://www.iso.org/standard/63753.html,131220,f568ff128b99653a3546b3b4b5ed1aca9f7639e33887f4a283297b4ea1e96ca3,2026-04-13T04:38:41Z,ok,https://bd-warehouse.readthedocs.io/en/latest/fastener.html,.step,application/step,,parametric,Countersunk Screw M4x10,M4-0.7,10,phillips,steel,"M4 countersunk flat head screw, 10mm length. Sits flush with surface. Used for fin attachment tabs, shear pin plates, rail guide mounting. 90-degree countersink.","['fin_tab', 'shear_pin_plate', 'rail_guide', 'flush_mount']"
dataset/parts/fasteners/countersunk_screw/M4x12.step,Countersunk Screw M4x12,fastener,countersunk_screw,ISO 7046,bd_warehouse==0.2.0,https://github.com/gumyr/bd_warehouse,https://www.iso.org/standard/63753.html,131220,992ea48f648fdbdbe5fd02152fac21de2b81a4741d2a821b02bfd0decf0b38d4,2026-04-13T04:38:41Z,ok,https://bd-warehouse.readthedocs.io/en/latest/fastener.html,.step,application/step,,parametric,Countersunk Screw M4x12,M4-0.7,12,phillips,steel,"M4 countersunk flat head screw, 12mm length. Sits flush with surface. Used for fin attachment tabs, shear pin plates, rail guide mounting. 90-degree countersink.","['fin_tab', 'shear_pin_plate', 'rail_guide', 'flush_mount']"
dataset/parts/fasteners/countersunk_screw/M4x16.step,Countersunk Screw M4x16,fastener,countersunk_screw,ISO 7046,bd_warehouse==0.2.0,https://github.com/gumyr/bd_warehouse,https://www.iso.org/standard/63753.html,131221,fc8ac39f612fd05c67affa1165d62380ccb28f2f244ef1a1ff63ee770e17fa39,2026-04-13T04:38:41Z,ok,https://bd-warehouse.readthedocs.io/en/latest/fastener.html,.step,application/step,,parametric,Countersunk Screw M4x16,M4-0.7,16,phillips,steel,"M4 countersunk flat head screw, 16mm length. Sits flush with surface. Used for fin attachment tabs, shear pin plates, rail guide mounting. 90-degree countersink.","['fin_tab', 'shear_pin_plate', 'rail_guide', 'flush_mount']"
dataset/parts/fasteners/countersunk_screw/M5x10.step,Countersunk Screw M5x10,fastener,countersunk_screw,ISO 7046,bd_warehouse==0.2.0,https://github.com/gumyr/bd_warehouse,https://www.iso.org/standard/63753.html,135536,0b1ddc0394073bca03d224313be05022a7ef1827978e85e3f0d2e5165dd6bb7e,2026-04-13T04:38:41Z,ok,https://bd-warehouse.readthedocs.io/en/latest/fastener.html,.step,application/step,,parametric,Countersunk Screw M5x10,M5-0.8,10,phillips,steel,"M5 countersunk flat head screw, 10mm length. Sits flush with surface. Used for fin attachment tabs, shear pin plates, rail guide mounting. 90-degree countersink.","['fin_tab', 'shear_pin_plate', 'rail_guide', 'flush_mount']"
dataset/parts/fasteners/countersunk_screw/M5x12.step,Countersunk Screw M5x12,fastener,countersunk_screw,ISO 7046,bd_warehouse==0.2.0,https://github.com/gumyr/bd_warehouse,https://www.iso.org/standard/63753.html,135536,84d5789e70579623bb29a2fa89d58a2250fb44743936fe19a1a009ebd7d318a5,2026-04-13T04:38:41Z,ok,https://bd-warehouse.readthedocs.io/en/latest/fastener.html,.step,application/step,,parametric,Countersunk Screw M5x12,M5-0.8,12,phillips,steel,"M5 countersunk flat head screw, 12mm length. Sits flush with surface. Used for fin attachment tabs, shear pin plates, rail guide mounting. 90-degree countersink.","['fin_tab', 'shear_pin_plate', 'rail_guide', 'flush_mount']"
dataset/parts/fasteners/countersunk_screw/M5x16.step,Countersunk Screw M5x16,fastener,countersunk_screw,ISO 7046,bd_warehouse==0.2.0,https://github.com/gumyr/bd_warehouse,https://www.iso.org/standard/63753.html,135537,f0046171991c011949e4dd5e899b8d38bf3c7a02a85a577d27e3d50a909e576f,2026-04-13T04:38:42Z,ok,https://bd-warehouse.readthedocs.io/en/latest/fastener.html,.step,application/step,,parametric,Countersunk Screw M5x16,M5-0.8,16,phillips,steel,"M5 countersunk flat head screw, 16mm length. Sits flush with surface. Used for fin attachment tabs, shear pin plates, rail guide mounting. 90-degree countersink.","['fin_tab', 'shear_pin_plate', 'rail_guide', 'flush_mount']"
dataset/parts/fasteners/countersunk_screw/M6x12.step,Countersunk Screw M6x12,fastener,countersunk_screw,ISO 7046,bd_warehouse==0.2.0,https://github.com/gumyr/bd_warehouse,https://www.iso.org/standard/63753.html,129325,5cfd73600a2638a03c859d45e4f2a57f01235e83ba861d7aa4f95c9f6deda660,2026-04-13T04:38:42Z,ok,https://bd-warehouse.readthedocs.io/en/latest/fastener.html,.step,application/step,,parametric,Countersunk Screw M6x12,M6-1,12,phillips,steel,"M6 countersunk flat head screw, 12mm length. Sits flush with surface. Used for fin attachment tabs, shear pin plates, rail guide mounting. 90-degree countersink.","['fin_tab', 'shear_pin_plate', 'rail_guide', 'flush_mount']"
dataset/parts/fasteners/countersunk_screw/M6x16.step,Countersunk Screw M6x16,fastener,countersunk_screw,ISO 7046,bd_warehouse==0.2.0,https://github.com/gumyr/bd_warehouse,https://www.iso.org/standard/63753.html,129326,03bd027de0a06281b5774e4ca88e20769120229497fbb02187920f7350b58ff5,2026-04-13T04:38:42Z,ok,https://bd-warehouse.readthedocs.io/en/latest/fastener.html,.step,application/step,,parametric,Countersunk Screw M6x16,M6-1,16,phillips,steel,"M6 countersunk flat head screw, 16mm length. Sits flush with surface. Used for fin attachment tabs, shear pin plates, rail guide mounting. 90-degree countersink.","['fin_tab', 'shear_pin_plate', 'rail_guide', 'flush_mount']"
dataset/parts/fasteners/countersunk_screw/M6x20.step,Countersunk Screw M6x20,fastener,countersunk_screw,ISO 7046,bd_warehouse==0.2.0,https://github.com/gumyr/bd_warehouse,https://www.iso.org/standard/63753.html,129326,159a4697166db3a57538db0a3f63ed116a7b3cb79de5f80a7f82a346e9515779,2026-04-13T04:38:42Z,ok,https://bd-warehouse.readthedocs.io/en/latest/fastener.html,.step,application/step,,parametric,Countersunk Screw M6x20,M6-1,20,phillips,steel,"M6 countersunk flat head screw, 20mm length. Sits flush with surface. Used for fin attachment tabs, shear pin plates, rail guide mounting. 90-degree countersink.","['fin_tab', 'shear_pin_plate', 'rail_guide', 'flush_mount']"
dataset/parts/fasteners/set_screw/M3x4.step,Set Screw M3x4,fastener,set_screw,ISO 4026,bd_warehouse==0.2.0,https://github.com/gumyr/bd_warehouse,https://www.iso.org/standard/63743.html,27824,3e46f7be6c48a9c16f2dce749dd5af38a98494343969ed4e3fefdd7e69a68d01,2026-04-13T04:38:42Z,ok,https://bd-warehouse.readthedocs.io/en/latest/fastener.html,.step,application/step,,parametric,Set Screw M3x4,M3-0.5,4,hex_socket,steel,"M3 cup-point set screw, 4mm length. Headless. Used as motor retainer locking screw, rail button retention, shaft/collar locking.","['motor_retainer', 'rail_button', 'shaft_lock']"
dataset/parts/fasteners/set_screw/M3x6.step,Set Screw M3x6,fastener,set_screw,ISO 4026,bd_warehouse==0.2.0,https://github.com/gumyr/bd_warehouse,https://www.iso.org/standard/63743.html,27824,1e44b21f2becb4ecc71aae1769c53cd4c81d8eef500a0d4c62a3eacede15109e,2026-04-13T04:38:42Z,ok,https://bd-warehouse.readthedocs.io/en/latest/fastener.html,.step,application/step,,parametric,Set Screw M3x6,M3-0.5,6,hex_socket,steel,"M3 cup-point set screw, 6mm length. Headless. Used as motor retainer locking screw, rail button retention, shaft/collar locking.","['motor_retainer', 'rail_button', 'shaft_lock']"
dataset/parts/fasteners/set_screw/M3x8.step,Set Screw M3x8,fastener,set_screw,ISO 4026,bd_warehouse==0.2.0,https://github.com/gumyr/bd_warehouse,https://www.iso.org/standard/63743.html,27824,7e55f27cfa9b3749f933b8b3ff15f83b2cbf182b0a26386e4f6aa3648bbb5088,2026-04-13T04:38:42Z,ok,https://bd-warehouse.readthedocs.io/en/latest/fastener.html,.step,application/step,,parametric,Set Screw M3x8,M3-0.5,8,hex_socket,steel,"M3 cup-point set screw, 8mm length. Headless. Used as motor retainer locking screw, rail button retention, shaft/collar locking.","['motor_retainer', 'rail_button', 'shaft_lock']"
dataset/parts/fasteners/set_screw/M4x6.step,Set Screw M4x6,fastener,set_screw,ISO 4026,bd_warehouse==0.2.0,https://github.com/gumyr/bd_warehouse,https://www.iso.org/standard/63743.html,27780,a1ca0efb89c3690f3153ab0db5a2ee1de2c3a6ddb422f91a279d35c701791ed4,2026-04-13T04:38:42Z,ok,https://bd-warehouse.readthedocs.io/en/latest/fastener.html,.step,application/step,,parametric,Set Screw M4x6,M4-0.7,6,hex_socket,steel,"M4 cup-point set screw, 6mm length. Headless. Used as motor retainer locking screw, rail button retention, shaft/collar locking.","['motor_retainer', 'rail_button', 'shaft_lock']"
dataset/parts/fasteners/set_screw/M4x8.step,Set Screw M4x8,fastener,set_screw,ISO 4026,bd_warehouse==0.2.0,https://github.com/gumyr/bd_warehouse,https://www.iso.org/standard/63743.html,27780,f58bde8126bcd304e6a49db8ef458ed3181ef9813731b14c363cff4775195c57,2026-04-13T04:38:42Z,ok,https://bd-warehouse.readthedocs.io/en/latest/fastener.html,.step,application/step,,parametric,Set Screw M4x8,M4-0.7,8,hex_socket,steel,"M4 cup-point set screw, 8mm length. Headless. Used as motor retainer locking screw, rail button retention, shaft/collar locking.","['motor_retainer', 'rail_button', 'shaft_lock']"
dataset/parts/fasteners/set_screw/M4x10.step,Set Screw M4x10,fastener,set_screw,ISO 4026,bd_warehouse==0.2.0,https://github.com/gumyr/bd_warehouse,https://www.iso.org/standard/63743.html,27789,882a40f5f9356b8bf78d22fa3d26b39402fa2d8f13d4d79aa8eea4d8533dcb30,2026-04-13T04:38:42Z,ok,https://bd-warehouse.readthedocs.io/en/latest/fastener.html,.step,application/step,,parametric,Set Screw M4x10,M4-0.7,10,hex_socket,steel,"M4 cup-point set screw, 10mm length. Headless. Used as motor retainer locking screw, rail button retention, shaft/collar locking.","['motor_retainer', 'rail_button', 'shaft_lock']"
dataset/parts/fasteners/set_screw/M5x6.step,Set Screw M5x6,fastener,set_screw,ISO 4026,bd_warehouse==0.2.0,https://github.com/gumyr/bd_warehouse,https://www.iso.org/standard/63743.html,27775,484fc4204870fb9883a99f85a0eb9d378f693b1d9990464b1423433d9569322f,2026-04-13T04:38:42Z,ok,https://bd-warehouse.readthedocs.io/en/latest/fastener.html,.step,application/step,,parametric,Set Screw M5x6,M5-0.8,6,hex_socket,steel,"M5 cup-point set screw, 6mm length. Headless. Used as motor retainer locking screw, rail button retention, shaft/collar locking.","['motor_retainer', 'rail_button', 'shaft_lock']"
dataset/parts/fasteners/set_screw/M5x8.step,Set Screw M5x8,fastener,set_screw,ISO 4026,bd_warehouse==0.2.0,https://github.com/gumyr/bd_warehouse,https://www.iso.org/standard/63743.html,27775,901f7c737196df9207b0a4aa1ba25fce92a80f7dd885261af9c325746866fa7b,2026-04-13T04:38:42Z,ok,https://bd-warehouse.readthedocs.io/en/latest/fastener.html,.step,application/step,,parametric,Set Screw M5x8,M5-0.8,8,hex_socket,steel,"M5 cup-point set screw, 8mm length. Headless. Used as motor retainer locking screw, rail button retention, shaft/collar locking.","['motor_retainer', 'rail_button', 'shaft_lock']"
dataset/parts/fasteners/set_screw/M5x10.step,Set Screw M5x10,fastener,set_screw,ISO 4026,bd_warehouse==0.2.0,https://github.com/gumyr/bd_warehouse,https://www.iso.org/standard/63743.html,27784,12d7f25977655f8b0cbc027a5cde1a6c9740a0611779c18dec961af53b7f7174,2026-04-13T04:38:43Z,ok,https://bd-warehouse.readthedocs.io/en/latest/fastener.html,.step,application/step,,parametric,Set Screw M5x10,M5-0.8,10,hex_socket,steel,"M5 cup-point set screw, 10mm length. Headless. Used as motor retainer locking screw, rail button retention, shaft/collar locking.","['motor_retainer', 'rail_button', 'shaft_lock']"
dataset/parts/fasteners/set_screw/M6x8.step,Set Screw M6x8,fastener,set_screw,ISO 4026,bd_warehouse==0.2.0,https://github.com/gumyr/bd_warehouse,https://www.iso.org/standard/63743.html,27797,a97da3983d2acc18c5315162e53d761c6e6719e738022d77fdf656ba255d3a10,2026-04-13T04:38:43Z,ok,https://bd-warehouse.readthedocs.io/en/latest/fastener.html,.step,application/step,,parametric,Set Screw M6x8,M6-1,8,hex_socket,steel,"M6 cup-point set screw, 8mm length. Headless. Used as motor retainer locking screw, rail button retention, shaft/collar locking.","['motor_retainer', 'rail_button', 'shaft_lock']"
dataset/parts/fasteners/set_screw/M6x10.step,Set Screw M6x10,fastener,set_screw,ISO 4026,bd_warehouse==0.2.0,https://github.com/gumyr/bd_warehouse,https://www.iso.org/standard/63743.html,27806,9886c0c442e0e67a96b04b89676052e2d5ec39318b7571dfc4575c41b045ffd5,2026-04-13T04:38:43Z,ok,https://bd-warehouse.readthedocs.io/en/latest/fastener.html,.step,application/step,,parametric,Set Screw M6x10,M6-1,10,hex_socket,steel,"M6 cup-point set screw, 10mm length. Headless. Used as motor retainer locking screw, rail button retention, shaft/collar locking.","['motor_retainer', 'rail_button', 'shaft_lock']"
dataset/parts/fasteners/set_screw/M6x12.step,Set Screw M6x12,fastener,set_screw,ISO 4026,bd_warehouse==0.2.0,https://github.com/gumyr/bd_warehouse,https://www.iso.org/standard/63743.html,27806,22b0ae2142e89daf87190191ec94ba750a8949984ff711d1ac3f38c6481f6bb8,2026-04-13T04:38:43Z,ok,https://bd-warehouse.readthedocs.io/en/latest/fastener.html,.step,application/step,,parametric,Set Screw M6x12,M6-1,12,hex_socket,steel,"M6 cup-point set screw, 12mm length. Headless. Used as motor retainer locking screw, rail button retention, shaft/collar locking.","['motor_retainer', 'rail_button', 'shaft_lock']"
dataset/parts/fasteners/hex_nut/M2.step,Hex Nut M2,fastener,hex_nut,ISO 4032,bd_warehouse==0.2.0,https://github.com/gumyr/bd_warehouse,https://www.iso.org/standard/63748.html,107134,88ff4b89109915d61fbe47cf2001b174022c1243a6a4216bba1d39288193302c,2026-04-13T04:38:43Z,ok,https://bd-warehouse.readthedocs.io/en/latest/fastener.html,.step,application/step,,parametric,Hex Nut M2,M2-0.4,,,steel,"M2 standard hex nut. Used to lock bolts, secure eyebolts, attach standoffs.","['general_fastening', 'eyebolt_lock', 'standoff']"
dataset/parts/fasteners/hex_nut/M3.step,Hex Nut M3,fastener,hex_nut,ISO 4032,bd_warehouse==0.2.0,https://github.com/gumyr/bd_warehouse,https://www.iso.org/standard/63748.html,106474,0a6a200a9c213803a97c7a4051168ebd220ce5e79598e49655726ad332342a56,2026-04-13T04:38:43Z,ok,https://bd-warehouse.readthedocs.io/en/latest/fastener.html,.step,application/step,,parametric,Hex Nut M3,M3-0.5,,,steel,"M3 standard hex nut. Used to lock bolts, secure eyebolts, attach standoffs.","['general_fastening', 'eyebolt_lock', 'standoff']"
dataset/parts/fasteners/hex_nut/M4.step,Hex Nut M4,fastener,hex_nut,ISO 4032,bd_warehouse==0.2.0,https://github.com/gumyr/bd_warehouse,https://www.iso.org/standard/63748.html,107299,79eb5276830220b874c8a8cf0b0c6e99a1574aec4b59a38bfa71b0e3c71a7929,2026-04-13T04:38:43Z,ok,https://bd-warehouse.readthedocs.io/en/latest/fastener.html,.step,application/step,,parametric,Hex Nut M4,M4-0.7,,,steel,"M4 standard hex nut. Used to lock bolts, secure eyebolts, attach standoffs.","['general_fastening', 'eyebolt_lock', 'standoff']"
dataset/parts/fasteners/hex_nut/M5.step,Hex Nut M5,fastener,hex_nut,ISO 4032,bd_warehouse==0.2.0,https://github.com/gumyr/bd_warehouse,https://www.iso.org/standard/63748.html,106335,a43b629dfcd4235f0f22f2e2a7f45f6515621365a28eef0bd7a53c8e7b6a03fa,2026-04-13T04:38:43Z,ok,https://bd-warehouse.readthedocs.io/en/latest/fastener.html,.step,application/step,,parametric,Hex Nut M5,M5-0.8,,,steel,"M5 standard hex nut. Used to lock bolts, secure eyebolts, attach standoffs.","['general_fastening', 'eyebolt_lock', 'standoff']"
dataset/parts/fasteners/hex_nut/M6.step,Hex Nut M6,fastener,hex_nut,ISO 4032,bd_warehouse==0.2.0,https://github.com/gumyr/bd_warehouse,https://www.iso.org/standard/63748.html,106454,db75ad06c7800eae77c9b21803f2d14e86d5288766a7eb33b730015ce3e06e2a,2026-04-13T04:38:43Z,ok,https://bd-warehouse.readthedocs.io/en/latest/fastener.html,.step,application/step,,parametric,Hex Nut M6,M6-1,,,steel,"M6 standard hex nut. Used to lock bolts, secure eyebolts, attach standoffs.","['general_fastening', 'eyebolt_lock', 'standoff']"
dataset/parts/fasteners/heat_set_insert/M2x3.step,Heat Set Insert M2x3,fastener,heat_set_insert,Hilitchi,bd_warehouse==0.2.0,https://github.com/gumyr/bd_warehouse,https://www.amazon.com/s?k=hilitchi+heat+set+insert,1096747,f63378fc0a019b5d749c9c5c516036bff0b7c41ed4acc1179d55e309f9b43aa1,2026-04-13T04:38:44Z,ok,https://bd-warehouse.readthedocs.io/en/latest/fastener.html,.step,application/step,,parametric,Heat Set Insert M2x3,M2-0.4,3,,brass,"M2 brass heat set insert, 3mm length. Press into 3D printed or composite parts with soldering iron. Used for avionics bay walls, nosecone shoulder, fin root tabs, any printed structural connection requiring metal threads.","['avionics_bay', 'nosecone_shoulder', 'fin_root', '3d_printed_structure', 'composite_panel']"
dataset/parts/fasteners/heat_set_insert/M2x4.step,Heat Set Insert M2x4,fastener,heat_set_insert,Hilitchi,bd_warehouse==0.2.0,https://github.com/gumyr/bd_warehouse,https://www.amazon.com/s?k=hilitchi+heat+set+insert,1097729,d946a039455ccf15cd59ecc4f9796746e1dea00cb9e0ac5e1762e3a8718c1f77,2026-04-13T04:38:45Z,ok,https://bd-warehouse.readthedocs.io/en/latest/fastener.html,.step,application/step,,parametric,Heat Set Insert M2x4,M2-0.4,4,,brass,"M2 brass heat set insert, 4mm length. Press into 3D printed or composite parts with soldering iron. Used for avionics bay walls, nosecone shoulder, fin root tabs, any printed structural connection requiring metal threads.","['avionics_bay', 'nosecone_shoulder', 'fin_root', '3d_printed_structure', 'composite_panel']"
dataset/parts/fasteners/heat_set_insert/M2x6.step,Heat Set Insert M2x6,fastener,heat_set_insert,Hilitchi,bd_warehouse==0.2.0,https://github.com/gumyr/bd_warehouse,https://www.amazon.com/s?k=hilitchi+heat+set+insert,1176156,1eaba0efd4c8f62b94c08aa45d5a5b2cf67e71e47fce11d382db6ea4038e79fc,2026-04-13T04:38:47Z,ok,https://bd-warehouse.readthedocs.io/en/latest/fastener.html,.step,application/step,,parametric,Heat Set Insert M2x6,M2-0.4,6,,brass,"M2 brass heat set insert, 6mm length. Press into 3D printed or composite parts with soldering iron. Used for avionics bay walls, nosecone shoulder, fin root tabs, any printed structural connection requiring metal threads.","['avionics_bay', 'nosecone_shoulder', 'fin_root', '3d_printed_structure', 'composite_panel']"
dataset/parts/fasteners/heat_set_insert/M3x6.step,Heat Set Insert M3x6,fastener,heat_set_insert,Hilitchi,bd_warehouse==0.2.0,https://github.com/gumyr/bd_warehouse,https://www.amazon.com/s?k=hilitchi+heat+set+insert,1093077,bb3154f3b97abcc8ab349d27c30f3e71a03aeb89045bbcab166a9abef836b62e,2026-04-13T04:38:48Z,ok,https://bd-warehouse.readthedocs.io/en/latest/fastener.html,.step,application/step,,parametric,Heat Set Insert M3x6,M3-0.5,6,,brass,"M3 brass heat set insert, 6mm length. Press into 3D printed or composite parts with soldering iron. Used for avionics bay walls, nosecone shoulder, fin root tabs, any printed structural connection requiring metal threads.","['avionics_bay', 'nosecone_shoulder', 'fin_root', '3d_printed_structure', 'composite_panel']"
dataset/parts/fasteners/heat_set_insert/M3x8.step,Heat Set Insert M3x8,fastener,heat_set_insert,Hilitchi,bd_warehouse==0.2.0,https://github.com/gumyr/bd_warehouse,https://www.amazon.com/s?k=hilitchi+heat+set+insert,1155853,53be562d517e381bffc785c033e35f113089f8d60fd6a42cb61907c042e13cdb,2026-04-13T04:38:49Z,ok,https://bd-warehouse.readthedocs.io/en/latest/fastener.html,.step,application/step,,parametric,Heat Set Insert M3x8,M3-0.5,8,,brass,"M3 brass heat set insert, 8mm length. Press into 3D printed or composite parts with soldering iron. Used for avionics bay walls, nosecone shoulder, fin root tabs, any printed structural connection requiring metal threads.","['avionics_bay', 'nosecone_shoulder', 'fin_root', '3d_printed_structure', 'composite_panel']"
dataset/parts/fasteners/heat_set_insert/M3x10.step,Heat Set Insert M3x10,fastener,heat_set_insert,Hilitchi,bd_warehouse==0.2.0,https://github.com/gumyr/bd_warehouse,https://www.amazon.com/s?k=hilitchi+heat+set+insert,1180070,430b75fc84c360b82434dc16e41d00c35127496db613e7fa03e198976b5bd663,2026-04-13T04:38:50Z,ok,https://bd-warehouse.readthedocs.io/en/latest/fastener.html,.step,application/step,,parametric,Heat Set Insert M3x10,M3-0.5,10,,brass,"M3 brass heat set insert, 10mm length. Press into 3D printed or composite parts with soldering iron. Used for avionics bay walls, nosecone shoulder, fin root tabs, any printed structural connection requiring metal threads.","['avionics_bay', 'nosecone_shoulder', 'fin_root', '3d_printed_structure', 'composite_panel']"
dataset/parts/fasteners/heat_set_insert/M4x6.step,Heat Set Insert M4x6,fastener,heat_set_insert,Hilitchi,bd_warehouse==0.2.0,https://github.com/gumyr/bd_warehouse,https://www.amazon.com/s?k=hilitchi+heat+set+insert,1104939,3a994ef398bf7ede58fe1a3dde657a0560cd192e9d0409d89aeccffd23d3e78c,2026-04-13T04:38:52Z,ok,https://bd-warehouse.readthedocs.io/en/latest/fastener.html,.step,application/step,,parametric,Heat Set Insert M4x6,M4-0.7,6,,brass,"M4 brass heat set insert, 6mm length. Press into 3D printed or composite parts with soldering iron. Used for avionics bay walls, nosecone shoulder, fin root tabs, any printed structural connection requiring metal threads.","['avionics_bay', 'nosecone_shoulder', 'fin_root', '3d_printed_structure', 'composite_panel']"
dataset/parts/fasteners/heat_set_insert/M4x8.step,Heat Set Insert M4x8,fastener,heat_set_insert,Hilitchi,bd_warehouse==0.2.0,https://github.com/gumyr/bd_warehouse,https://www.amazon.com/s?k=hilitchi+heat+set+insert,1094093,697be57039a5c0d6faf329e7cfb5bbc3a7bd8c2a346f8f391f5fd1dbbc2dbb44,2026-04-13T04:38:53Z,ok,https://bd-warehouse.readthedocs.io/en/latest/fastener.html,.step,application/step,,parametric,Heat Set Insert M4x8,M4-0.7,8,,brass,"M4 brass heat set insert, 8mm length. Press into 3D printed or composite parts with soldering iron. Used for avionics bay walls, nosecone shoulder, fin root tabs, any printed structural connection requiring metal threads.","['avionics_bay', 'nosecone_shoulder', 'fin_root', '3d_printed_structure', 'composite_panel']"
dataset/parts/fasteners/heat_set_insert/M4x10.step,Heat Set Insert M4x10,fastener,heat_set_insert,Hilitchi,bd_warehouse==0.2.0,https://github.com/gumyr/bd_warehouse,https://www.amazon.com/s?k=hilitchi+heat+set+insert,1157265,7468c0a9dee09c30fff627c38d6a94b6f8ad8081ab702f862743c765c3115878,2026-04-13T04:38:54Z,ok,https://bd-warehouse.readthedocs.io/en/latest/fastener.html,.step,application/step,,parametric,Heat Set Insert M4x10,M4-0.7,10,,brass,"M4 brass heat set insert, 10mm length. Press into 3D printed or composite parts with soldering iron. Used for avionics bay walls, nosecone shoulder, fin root tabs, any printed structural connection requiring metal threads.","['avionics_bay', 'nosecone_shoulder', 'fin_root', '3d_printed_structure', 'composite_panel']"
dataset/parts/fasteners/heat_set_insert/M5x6.step,Heat Set Insert M5x6,fastener,heat_set_insert,Hilitchi,bd_warehouse==0.2.0,https://github.com/gumyr/bd_warehouse,https://www.amazon.com/s?k=hilitchi+heat+set+insert,1093393,d1c20c706fb884387e867868e76e9c8f6210ff398e06f81b5622fb9aca4efa35,2026-04-13T04:38:55Z,ok,https://bd-warehouse.readthedocs.io/en/latest/fastener.html,.step,application/step,,parametric,Heat Set Insert M5x6,M5-0.8,6,,brass,"M5 brass heat set insert, 6mm length. Press into 3D printed or composite parts with soldering iron. Used for avionics bay walls, nosecone shoulder, fin root tabs, any printed structural connection requiring metal threads.","['avionics_bay', 'nosecone_shoulder', 'fin_root', '3d_printed_structure', 'composite_panel']"
dataset/parts/fasteners/heat_set_insert/M5x8.step,Heat Set Insert M5x8,fastener,heat_set_insert,Hilitchi,bd_warehouse==0.2.0,https://github.com/gumyr/bd_warehouse,https://www.amazon.com/s?k=hilitchi+heat+set+insert,1097037,2ed06b9b625cc78051e77523df32ff65c7767600028ffc25f7007497905fbe6a,2026-04-13T04:38:57Z,ok,https://bd-warehouse.readthedocs.io/en/latest/fastener.html,.step,application/step,,parametric,Heat Set Insert M5x8,M5-0.8,8,,brass,"M5 brass heat set insert, 8mm length. Press into 3D printed or composite parts with soldering iron. Used for avionics bay walls, nosecone shoulder, fin root tabs, any printed structural connection requiring metal threads.","['avionics_bay', 'nosecone_shoulder', 'fin_root', '3d_printed_structure', 'composite_panel']"
dataset/parts/fasteners/heat_set_insert/M5x10.step,Heat Set Insert M5x10,fastener,heat_set_insert,Hilitchi,bd_warehouse==0.2.0,https://github.com/gumyr/bd_warehouse,https://www.amazon.com/s?k=hilitchi+heat+set+insert,1108595,67c3dc7167a233824e84d9131454208e352af641b6d7f983b97c10735c6e6337,2026-04-13T04:38:58Z,ok,https://bd-warehouse.readthedocs.io/en/latest/fastener.html,.step,application/step,,parametric,Heat Set Insert M5x10,M5-0.8,10,,brass,"M5 brass heat set insert, 10mm length. Press into 3D printed or composite parts with soldering iron. Used for avionics bay walls, nosecone shoulder, fin root tabs, any printed structural connection requiring metal threads.","['avionics_bay', 'nosecone_shoulder', 'fin_root', '3d_printed_structure', 'composite_panel']"
dataset/parts/fasteners/heat_set_insert/M6x10.step,Heat Set Insert M6x10,fastener,heat_set_insert,Hilitchi,bd_warehouse==0.2.0,https://github.com/gumyr/bd_warehouse,https://www.amazon.com/s?k=hilitchi+heat+set+insert,1090931,d8796bd939ac8bc1ed0615ea1fc8f51aa7968cb58a775bab3be9410d0442edb5,2026-04-13T04:38:59Z,ok,https://bd-warehouse.readthedocs.io/en/latest/fastener.html,.step,application/step,,parametric,Heat Set Insert M6x10,M6-1,10,,brass,"M6 brass heat set insert, 10mm length. Press into 3D printed or composite parts with soldering iron. Used for avionics bay walls, nosecone shoulder, fin root tabs, any printed structural connection requiring metal threads.","['avionics_bay', 'nosecone_shoulder', 'fin_root', '3d_printed_structure', 'composite_panel']"
dataset/parts/fasteners/heat_set_insert/M6x12.step,Heat Set Insert M6x12,fastener,heat_set_insert,Hilitchi,bd_warehouse==0.2.0,https://github.com/gumyr/bd_warehouse,https://www.amazon.com/s?k=hilitchi+heat+set+insert,1115341,5fbbc9a20b4ca061fd24e4601874e049b4bbc55712f4e567cc272db3f8111b75,2026-04-13T04:39:00Z,ok,https://bd-warehouse.readthedocs.io/en/latest/fastener.html,.step,application/step,,parametric,Heat Set Insert M6x12,M6-1,12,,brass,"M6 brass heat set insert, 12mm length. Press into 3D printed or composite parts with soldering iron. Used for avionics bay walls, nosecone shoulder, fin root tabs, any printed structural connection requiring metal threads.","['avionics_bay', 'nosecone_shoulder', 'fin_root', '3d_printed_structure', 'composite_panel']"
dataset/parts/fasteners/plain_washer/M3.step,Plain Washer M3,fastener,plain_washer,ISO 7093,bd_warehouse==0.2.0,https://github.com/gumyr/bd_warehouse,https://www.iso.org/standard/56664.html,9628,ea807bd11b9229a2d67fdc1cd697b2782cd1357470c1bf8a595824b6470337a9,2026-04-13T04:39:01Z,ok,https://bd-warehouse.readthedocs.io/en/latest/fastener.html,.step,application/step,,parametric,Plain Washer M3,M3,,,steel,"M3 large plain washer. Distributes load under bolt head or nut. Used under eyebolts, rail button bases, structural joints.","['eyebolt', 'rail_button', 'structural_joint']"
dataset/parts/fasteners/plain_washer/M4.step,Plain Washer M4,fastener,plain_washer,ISO 7093,bd_warehouse==0.2.0,https://github.com/gumyr/bd_warehouse,https://www.iso.org/standard/56664.html,9628,9a8a743fe53877ccf05673ce38da1df99e48c4276d8c0139b6efebae0faa2256,2026-04-13T04:39:01Z,ok,https://bd-warehouse.readthedocs.io/en/latest/fastener.html,.step,application/step,,parametric,Plain Washer M4,M4,,,steel,"M4 large plain washer. Distributes load under bolt head or nut. Used under eyebolts, rail button bases, structural joints.","['eyebolt', 'rail_button', 'structural_joint']"
dataset/parts/fasteners/plain_washer/M5.step,Plain Washer M5,fastener,plain_washer,ISO 7093,bd_warehouse==0.2.0,https://github.com/gumyr/bd_warehouse,https://www.iso.org/standard/56664.html,9628,58922ffe3bf6384421b339b75e7bd317e44ca81aea12fb2b90590d842efaa9ff,2026-04-13T04:39:01Z,ok,https://bd-warehouse.readthedocs.io/en/latest/fastener.html,.step,application/step,,parametric,Plain Washer M5,M5,,,steel,"M5 large plain washer. Distributes load under bolt head or nut. Used under eyebolts, rail button bases, structural joints.","['eyebolt', 'rail_button', 'structural_joint']"
dataset/parts/fasteners/plain_washer/M6.step,Plain Washer M6,fastener,plain_washer,ISO 7093,bd_warehouse==0.2.0,https://github.com/gumyr/bd_warehouse,https://www.iso.org/standard/56664.html,9612,481dd679b4e951db26594dbc510ff5b7b2e9a6a8f27cdad8e854ad0ccb354ff8,2026-04-13T04:39:01Z,ok,https://bd-warehouse.readthedocs.io/en/latest/fastener.html,.step,application/step,,parametric,Plain Washer M6,M6,,,steel,"M6 large plain washer. Distributes load under bolt head or nut. Used under eyebolts, rail button bases, structural joints.","['eyebolt', 'rail_button', 'structural_joint']"
dataset/parts/recovery/eyebolt/M6.step,Eyebolt M6 DIN 580,recovery,eyebolt,DIN 580,build123d==0.10.0,https://github.com/gumyr/build123d,https://www.fasteners.eu/standards/DIN/580/,68258,2906edf8411ae4074e457767bfb085c1b44e142d3149728186afe456b790adc9,2026-04-13T04:39:01Z,ok,https://build123d.readthedocs.io/en/latest/,.step,application/step,,parametric,Eyebolt M6 DIN 580,M6,,,steel,"M6 lifting eye bolt per DIN 580. Screws into bulkhead T-nut or threaded insert. Primary recovery attachment point for shock cord. Eye inner diameter 20mm, accepts quick link up to 14mm wire.","['shock_cord_anchor', 'recovery_attachment', 'bulkhead_mount', 'lifting_point']"
dataset/parts/recovery/eyebolt/M8.step,Eyebolt M8 DIN 580,recovery,eyebolt,DIN 580,build123d==0.10.0,https://github.com/gumyr/build123d,https://www.fasteners.eu/standards/DIN/580/,68376,a61717c3fbc84e9782cfa2447ef35c0a41c46fc74a50c3d57d471840d2fa2e14,2026-04-13T04:39:01Z,ok,https://build123d.readthedocs.io/en/latest/,.step,application/step,,parametric,Eyebolt M8 DIN 580,M8,,,steel,"M8 lifting eye bolt per DIN 580. Screws into bulkhead T-nut or threaded insert. Primary recovery attachment point for shock cord. Eye inner diameter 25mm, accepts quick link up to 17mm wire.","['shock_cord_anchor', 'recovery_attachment', 'bulkhead_mount', 'lifting_point']"
dataset/parts/recovery/eyebolt/M10.step,Eyebolt M10 DIN 580,recovery,eyebolt,DIN 580,build123d==0.10.0,https://github.com/gumyr/build123d,https://www.fasteners.eu/standards/DIN/580/,65389,a4941f2671d4d18c393b0a3108e7d9fd0a97d265b94ec1051bb90bf86e22cd07,2026-04-13T04:39:01Z,ok,https://build123d.readthedocs.io/en/latest/,.step,application/step,,parametric,Eyebolt M10 DIN 580,M10,,,steel,"M10 lifting eye bolt per DIN 580. Screws into bulkhead T-nut or threaded insert. Primary recovery attachment point for shock cord. Eye inner diameter 30mm, accepts quick link up to 21mm wire.","['shock_cord_anchor', 'recovery_attachment', 'bulkhead_mount', 'lifting_point']"
dataset/parts/recovery/eyebolt/M12.step,Eyebolt M12 DIN 580,recovery,eyebolt,DIN 580,build123d==0.10.0,https://github.com/gumyr/build123d,https://www.fasteners.eu/standards/DIN/580/,71483,e35f317f95b5a3e4f1cd9b93d1c860c68b5f5daa846698f981891bb52de5e613,2026-04-13T04:39:01Z,ok,https://build123d.readthedocs.io/en/latest/,.step,application/step,,parametric,Eyebolt M12 DIN 580,M12,,,steel,"M12 lifting eye bolt per DIN 580. Screws into bulkhead T-nut or threaded insert. Primary recovery attachment point for shock cord. Eye inner diameter 36mm, accepts quick link up to 25mm wire.","['shock_cord_anchor', 'recovery_attachment', 'bulkhead_mount', 'lifting_point']"
dataset/parts/launch/rail_button_1010.step,Rail Button 1010,launch,rail_button,,build123d==0.10.0,https://github.com/gumyr/build123d,,36982,aa94e3523d1758ef063cb993470f61aaa39fdada0496638ee4a553ad7d8f83de,2026-04-13T04:39:01Z,ok,https://build123d.readthedocs.io/en/latest/,.step,application/step,,parametric,Rail Button 1010,,,,delrin,"Standard rail button for 1010 8020 aluminum extrusion launch rail. Button width 9.0mm fits 1010 T-slot. Mounted to rocket body tube with single screw through center. Guides rocket along launch rail, releases cleanly at lift-off.","['launch_rail_guide', 'launch_lug_replacement']"
dataset/parts/launch/rail_button_1515.step,Rail Button 1515,launch,rail_button,,build123d==0.10.0,https://github.com/gumyr/build123d,,36882,382a7bf93b9f392b5b3ce243c6dfbd0fb5e25b04eec6ba6a04ad09810c0ad9ed,2026-04-13T04:39:01Z,ok,https://build123d.readthedocs.io/en/latest/,.step,application/step,,parametric,Rail Button 1515,,,,delrin,"Standard rail button for 1515 8020 aluminum extrusion launch rail. Button width 12.0mm fits 1515 T-slot. Mounted to rocket body tube with single screw through center. Guides rocket along launch rail, releases cleanly at lift-off.","['launch_rail_guide', 'launch_lug_replacement']"
dataset/parts/recovery/quick_link/3mm.step,Quick Link 3mm,recovery,quick_link,,build123d==0.10.0,https://github.com/gumyr/build123d,,46241,aa004438d16081f4ffbe3efaf938decf2addcecebabb05effe867a543651df6c,2026-04-13T04:39:01Z,ok,https://build123d.readthedocs.io/en/latest/,.step,application/step,,parametric,Quick Link 3mm,,,,stainless_steel,"3mm wire oval quick link (screw-gate). Connects shock cord to eyebolt, parachute bridle to harness, or swivel to recovery hardware. Working load limit ~400kg. Inner opening 11x25mm.","['shock_cord_to_eyebolt', 'parachute_bridle', 'recovery_harness', 'swivel_connection']"
dataset/parts/recovery/quick_link/4mm.step,Quick Link 4mm,recovery,quick_link,,build123d==0.10.0,https://github.com/gumyr/build123d,,46390,db86252d972f2457f9ecaecca49de74a1cd537d02bb47e74e5032e9d42499e95,2026-04-13T04:39:01Z,ok,https://build123d.readthedocs.io/en/latest/,.step,application/step,,parametric,Quick Link 4mm,,,,stainless_steel,"4mm wire oval quick link (screw-gate). Connects shock cord to eyebolt, parachute bridle to harness, or swivel to recovery hardware. Working load limit ~800kg. Inner opening 13x30mm.","['shock_cord_to_eyebolt', 'parachute_bridle', 'recovery_harness', 'swivel_connection']"
dataset/parts/recovery/quick_link/6mm.step,Quick Link 6mm,recovery,quick_link,,build123d==0.10.0,https://github.com/gumyr/build123d,,46285,b11c8d1e27b88be48e71e9803c802bd82241ac52f521b802671b1d24849650b0,2026-04-13T04:39:01Z,ok,https://build123d.readthedocs.io/en/latest/,.step,application/step,,parametric,Quick Link 6mm,,,,stainless_steel,"6mm wire oval quick link (screw-gate). Connects shock cord to eyebolt, parachute bridle to harness, or swivel to recovery hardware. Working load limit ~1600kg. Inner opening 18x42mm.","['shock_cord_to_eyebolt', 'parachute_bridle', 'recovery_harness', 'swivel_connection']"
dataset/parts/camera/gopro_mount.step,GoPro Step Mount,camera,gopro_mount,GoPro finger mount,build123d==0.10.0,https://github.com/gumyr/build123d,,102168,b09bdd121fcb4f97872e203670cecb5ac28ad736c15de64f0396a3fb2c5e4a52,2026-04-13T04:39:01Z,ok,https://build123d.readthedocs.io/en/latest/,.step,application/step,,parametric,GoPro Step Mount,,,,,3-prong GoPro-compatible finger mount for rocket camera bay. Standard GoPro pivoting finger mount geometry. Accepts GoPro Hero/Session cameras and compatible action cameras. Base mounts to payload bay step adapter with 4x M3 screws. Pivot hole accepts M5 thumb screw.,"['camera_bay', 'nose_cone_camera', 'payload_section']"
